"query_string","response_item_ids","clicked_item_ids","label_method","relevant_item_count"
"1/2 Sweet Tea 1/2 Unsweet Tea","[""MENU_000322"",""MENU_000339""]","[]","same_normalized_menu_name_across_restaurants","2"
"#1 The Philly","[""MENU_002342"",""MENU_002385""]","[]","same_normalized_menu_name_across_restaurants","2"
"#10 All-American Club®","[""MENU_002343"",""MENU_002386""]","[]","same_normalized_menu_name_across_restaurants","2"
"#11 Subway Club®","[""MENU_002344"",""MENU_002387""]","[]","same_normalized_menu_name_across_restaurants","2"
"#12 Turkey Cali Club™","[""MENU_002345"",""MENU_002388""]","[]","same_normalized_menu_name_across_restaurants","2"
"#2 The Outlaw™","[""MENU_002346"",""MENU_002389""]","[]","same_normalized_menu_name_across_restaurants","2"
"#3 The Monster™","[""MENU_002347"",""MENU_002390""]","[]","same_normalized_menu_name_across_restaurants","2"
"#4 Supreme Meats","[""MENU_002348"",""MENU_002391""]","[]","same_normalized_menu_name_across_restaurants","2"
"#5 Bella Mozza","[""MENU_002349"",""MENU_002392""]","[]","same_normalized_menu_name_across_restaurants","2"
"#6 The Boss","[""MENU_002350"",""MENU_002393""]","[]","same_normalized_menu_name_across_restaurants","2"
"#7 The MexiCali","[""MENU_002351"",""MENU_002394""]","[]","same_normalized_menu_name_across_restaurants","2"
"#8 The Great Garlic™","[""MENU_002352"",""MENU_002395""]","[]","same_normalized_menu_name_across_restaurants","2"
"#9 The Champ™","[""MENU_002353"",""MENU_002396""]","[]","same_normalized_menu_name_across_restaurants","2"
"A&W Cream Soda 20oz","[""MENU_001519"",""MENU_002003""]","[]","same_normalized_menu_name_across_restaurants","2"
"A&W Root Beer 20oz","[""MENU_001520"",""MENU_002004""]","[]","same_normalized_menu_name_across_restaurants","2"
"Add Avocado","[""MENU_002069"",""MENU_002072""]","[]","same_normalized_menu_name_across_restaurants","2"
"Add Baked Pita Strips","[""MENU_002070"",""MENU_002073""]","[]","same_normalized_menu_name_across_restaurants","2"
"Add Croissant","[""MENU_002071"",""MENU_002074""]","[]","same_normalized_menu_name_across_restaurants","2"
"Amazing Spicy Fish","[""MENU_002169"",""MENU_002559""]","[]","same_normalized_menu_name_across_restaurants","2"
"Apple Juice","[""MENU_000836"",""MENU_000880""]","[]","same_normalized_menu_name_across_restaurants","2"
"Apple Pie","[""MENU_000527"",""MENU_001665"",""MENU_001666""]","[]","same_normalized_menu_name_across_restaurants","3"
"Bacon, Egg & Cheese","[""MENU_002356"",""MENU_002399""]","[]","same_normalized_menu_name_across_restaurants","2"
"Bacon, Egg & Cheese Biscuit Meal","[""MENU_000225"",""MENU_000343""]","[]","same_normalized_menu_name_across_restaurants","2"
"Banana Chia Pudding","[""MENU_000998"",""MENU_001620"",""MENU_001990"",""MENU_002532"",""MENU_002553"",""MENU_002742""]","[]","same_normalized_menu_name_across_restaurants","6"
"Banana Pudding","[""MENU_000537"",""MENU_002059"",""MENU_002543""]","[]","same_normalized_menu_name_across_restaurants","3"
"Barq's® Root Beer","[""MENU_000323"",""MENU_000345""]","[]","same_normalized_menu_name_across_restaurants","2"
"Basil Chicken","[""MENU_002170"",""MENU_002561""]","[]","same_normalized_menu_name_across_restaurants","2"
"Beef & Broccoli","[""MENU_000756"",""MENU_002172"",""MENU_002563""]","[]","same_normalized_menu_name_across_restaurants","3"
"Beef Dry Pot","[""MENU_002173"",""MENU_002564""]","[]","same_normalized_menu_name_across_restaurants","2"
"Beignets","[""MENU_000652"",""MENU_001511""]","[]","same_normalized_menu_name_across_restaurants","2"
"Big Blue 20oz","[""MENU_001521"",""MENU_002006""]","[]","same_normalized_menu_name_across_restaurants","2"
"Biscuit & Gravy","[""MENU_001034"",""MENU_002744""]","[]","same_normalized_menu_name_across_restaurants","2"
"Black Forest Ham","[""MENU_002357"",""MENU_002400""]","[]","same_normalized_menu_name_across_restaurants","2"
"Black Forest Ham, Egg & Cheese","[""MENU_002358"",""MENU_002401""]","[]","same_normalized_menu_name_across_restaurants","2"
"Bottle Water","[""MENU_000883"",""MENU_001626"",""MENU_001799""]","[]","same_normalized_menu_name_across_restaurants","3"
"Bottled Water","[""MENU_000259"",""MENU_002624"",""MENU_002666"",""MENU_002749""]","[]","same_normalized_menu_name_across_restaurants","4"
"Breakfast Taco","[""MENU_000800"",""MENU_002469""]","[]","same_normalized_menu_name_across_restaurants","2"
"Brownie","[""MENU_001401"",""MENU_001627""]","[]","same_normalized_menu_name_across_restaurants","2"
"Buffalo Chicken","[""MENU_002359"",""MENU_002402""]","[]","same_normalized_menu_name_across_restaurants","2"
"Buffalo Chicken Melt","[""MENU_002360"",""MENU_002403""]","[]","same_normalized_menu_name_across_restaurants","2"
"Buffalo Wings","[""MENU_000847"",""MENU_002088"",""MENU_002118""]","[]","same_normalized_menu_name_across_restaurants","3"
"Caesar Salad","[""MENU_001612"",""MENU_001963"",""MENU_002119""]","[]","same_normalized_menu_name_across_restaurants","3"
"Canada Dry Ginger Ale 20oz","[""MENU_001522"",""MENU_002011""]","[]","same_normalized_menu_name_across_restaurants","2"
"Caramel Latte","[""MENU_001672"",""MENU_002755""]","[]","same_normalized_menu_name_across_restaurants","2"
"Chick-fil-A Waffle Potato Fries®","[""MENU_000324"",""MENU_000349""]","[]","same_normalized_menu_name_across_restaurants","2"
"Chicken & Bacon Ranch","[""MENU_002361"",""MENU_002404""]","[]","same_normalized_menu_name_across_restaurants","2"
"Chicken & Bacon Ranch Melt","[""MENU_002362"",""MENU_002405""]","[]","same_normalized_menu_name_across_restaurants","2"
"Chicken Curry Puff","[""MENU_001802"",""MENU_001803"",""MENU_002325""]","[]","same_normalized_menu_name_across_restaurants","3"
"chicken dry pot","[""MENU_002181"",""MENU_002568""]","[]","same_normalized_menu_name_across_restaurants","2"
"Chicken Parmesan","[""MENU_000144"",""MENU_002121""]","[]","same_normalized_menu_name_across_restaurants","2"
"CHIPS & CHICHARRON","[""MENU_000005"",""MENU_000008""]","[]","same_normalized_menu_name_across_restaurants","2"
"Chips & Salsa","[""MENU_002633"",""MENU_002772""]","[]","same_normalized_menu_name_across_restaurants","2"
"Chocolate chip cookies","[""MENU_000667"",""MENU_001965"",""MENU_001981""]","[]","same_normalized_menu_name_across_restaurants","3"
"Coca Cola","[""MENU_000326"",""MENU_000357"",""MENU_002123""]","[]","same_normalized_menu_name_across_restaurants","3"
"Coca-Cola® Cherry","[""MENU_000327"",""MENU_000358""]","[]","same_normalized_menu_name_across_restaurants","2"
"Coke","[""MENU_000900"",""MENU_001636"",""MENU_001678"",""MENU_001679""]","[]","same_normalized_menu_name_across_restaurants","4"
"Coke 12 Pack 12oz","[""MENU_001523"",""MENU_002019""]","[]","same_normalized_menu_name_across_restaurants","2"
"Coke 20oz","[""MENU_001524"",""MENU_002020""]","[]","same_normalized_menu_name_across_restaurants","2"
"Coke Cherry 20oz","[""MENU_001525"",""MENU_002021""]","[]","same_normalized_menu_name_across_restaurants","2"
"Coke Zero","[""MENU_001677"",""MENU_001984""]","[]","same_normalized_menu_name_across_restaurants","2"
"Coke Zero 20oz","[""MENU_001526"",""MENU_002022""]","[]","same_normalized_menu_name_across_restaurants","2"
"Coke® Zero Sugar","[""MENU_000328"",""MENU_000359""]","[]","same_normalized_menu_name_across_restaurants","2"
"Cold Cut Combo®","[""MENU_002363"",""MENU_002406""]","[]","same_normalized_menu_name_across_restaurants","2"
"Couple’s Tendon","[""MENU_002186"",""MENU_002569""]","[]","same_normalized_menu_name_across_restaurants","2"
"Cumin Beef","[""MENU_000729"",""MENU_001915"",""MENU_002570""]","[]","same_normalized_menu_name_across_restaurants","3"
"Cumin Lamb","[""MENU_000730"",""MENU_002571""]","[]","same_normalized_menu_name_across_restaurants","2"
"Dan Dan Noodle","[""MENU_000728"",""MENU_002188"",""MENU_002572""]","[]","same_normalized_menu_name_across_restaurants","3"
"Diet Coke","[""MENU_000329"",""MENU_000907"",""MENU_001684"",""MENU_001988"",""MENU_002124""]","[]","same_normalized_menu_name_across_restaurants","5"
"Diet Coke 20oz","[""MENU_001528"",""MENU_002023""]","[]","same_normalized_menu_name_across_restaurants","2"
"Diet Dr Pepper®","[""MENU_000330"",""MENU_000360""]","[]","same_normalized_menu_name_across_restaurants","2"
"Diet Dr Pepper 20oz","[""MENU_001529"",""MENU_002024""]","[]","same_normalized_menu_name_across_restaurants","2"
"Diet Mountain Dew 20oz","[""MENU_001530"",""MENU_002025""]","[]","same_normalized_menu_name_across_restaurants","2"
"Double Cooked Pork","[""MENU_002189"",""MENU_002573""]","[]","same_normalized_menu_name_across_restaurants","2"
"Dr Pepper","[""MENU_000331"",""MENU_000361"",""MENU_000908"",""MENU_001644"",""MENU_001689""]","[]","same_normalized_menu_name_across_restaurants","5"
"Dr Pepper 12 Pack 12oz Can","[""MENU_001533"",""MENU_002027""]","[]","same_normalized_menu_name_across_restaurants","2"
"Dr Pepper 20oz","[""MENU_001534"",""MENU_002028""]","[]","same_normalized_menu_name_across_restaurants","2"
"Dr Pepper & Cream Soda 20z","[""MENU_001532"",""MENU_002026""]","[]","same_normalized_menu_name_across_restaurants","2"
"Edamame","[""MENU_000094"",""MENU_000743"",""MENU_000912"",""MENU_001929""]","[]","same_normalized_menu_name_across_restaurants","4"
"Egg & Cheese","[""MENU_002364"",""MENU_002408""]","[]","same_normalized_menu_name_across_restaurants","2"
"Fanta Grape 20oz","[""MENU_001535"",""MENU_002029""]","[]","same_normalized_menu_name_across_restaurants","2"
"Fanta Orange 20oz","[""MENU_001536"",""MENU_002030""]","[]","same_normalized_menu_name_across_restaurants","2"
"Fanta Pineapple 20oz","[""MENU_001538"",""MENU_002032""]","[]","same_normalized_menu_name_across_restaurants","2"
"Fanta Strawberry 20oz","[""MENU_001539"",""MENU_002033""]","[]","same_normalized_menu_name_across_restaurants","2"
"French Fries","[""MENU_000237"",""MENU_000872"",""MENU_001659"",""MENU_001691"",""MENU_001692"",""MENU_002680"",""MENU_002813""]","[]","same_normalized_menu_name_across_restaurants","7"
"Freshly-Brewed Iced Tea Sweetened","[""MENU_000332"",""MENU_000363""]","[]","same_normalized_menu_name_across_restaurants","2"
"Freshly-Brewed Iced Tea Unsweetened","[""MENU_000333"",""MENU_000364""]","[]","same_normalized_menu_name_across_restaurants","2"
"Garlic Cucumber Salad","[""MENU_000727"",""MENU_002578""]","[]","same_normalized_menu_name_across_restaurants","2"
"Gatorade Cool Blue 28oz","[""MENU_001541"",""MENU_002034""]","[]","same_normalized_menu_name_across_restaurants","2"
"Gatorade Frost Glacier Freeze 28oz","[""MENU_001542"",""MENU_002035""]","[]","same_normalized_menu_name_across_restaurants","2"
"Gatorade Fruit Punch 28oz","[""MENU_001543"",""MENU_002036""]","[]","same_normalized_menu_name_across_restaurants","2"
"Gatorade Lemon Lime 28oz","[""MENU_001544"",""MENU_002037""]","[]","same_normalized_menu_name_across_restaurants","2"
"Gatorade Lime Cucumber 28oz","[""MENU_001545"",""MENU_002038""]","[]","same_normalized_menu_name_across_restaurants","2"
"General Tso's Chicken","[""MENU_001906"",""MENU_002198""]","[]","same_normalized_menu_name_across_restaurants","2"
"General Tso's Tofu","[""MENU_002199"",""MENU_002579""]","[]","same_normalized_menu_name_across_restaurants","2"
"Green Curry","[""MENU_001817"",""MENU_002201""]","[]","same_normalized_menu_name_across_restaurants","2"
"Ham & Cheese Melt","[""MENU_002365"",""MENU_002410""]","[]","same_normalized_menu_name_across_restaurants","2"
"Hot & Sour Soup","[""MENU_000761"",""MENU_002204""]","[]","same_normalized_menu_name_across_restaurants","2"
"HOUSE COFFEE","[""MENU_000013"",""MENU_000168""]","[]","same_normalized_menu_name_across_restaurants","2"
"HOUSE SALAD","[""MENU_000925"",""MENU_000926"",""MENU_001978""]","[]","same_normalized_menu_name_across_restaurants","3"
"Iced Caramel Macchiato","[""MENU_000519"",""MENU_001702""]","[]","same_normalized_menu_name_across_restaurants","2"
"Iced Coffee","[""MENU_001704"",""MENU_001705"",""MENU_002821""]","[]","same_normalized_menu_name_across_restaurants","3"
"Italian B.M.T.®","[""MENU_002366"",""MENU_002411""]","[]","same_normalized_menu_name_across_restaurants","2"
"Italian B.M.T.® Melt","[""MENU_002367"",""MENU_002412""]","[]","same_normalized_menu_name_across_restaurants","2"
"Kids Cheeseburger","[""MENU_000170"",""MENU_000276""]","[]","same_normalized_menu_name_across_restaurants","2"
"Kung Pao Shrimp","[""MENU_000731"",""MENU_002581""]","[]","same_normalized_menu_name_across_restaurants","2"
"Lemonade","[""MENU_000842"",""MENU_000931"",""MENU_002136"",""MENU_002641""]","[]","same_normalized_menu_name_across_restaurants","4"
"Mapo Tofu","[""MENU_000722"",""MENU_001025"",""MENU_001952"",""MENU_002212"",""MENU_002582""]","[]","same_normalized_menu_name_across_restaurants","5"
"Margherita","[""MENU_000212"",""MENU_000510"",""MENU_001970"",""MENU_002137""]","[]","same_normalized_menu_name_across_restaurants","4"
"Meatball Marinara","[""MENU_002368"",""MENU_002414""]","[]","same_normalized_menu_name_across_restaurants","2"
"Meatball Marinara Melt","[""MENU_002369"",""MENU_002415""]","[]","same_normalized_menu_name_across_restaurants","2"
"Mexican Coke","[""MENU_000536"",""MENU_001593"",""MENU_001839""]","[]","same_normalized_menu_name_across_restaurants","3"
"Migas Plate","[""MENU_000813"",""MENU_002474""]","[]","same_normalized_menu_name_across_restaurants","2"
"Miso Soup","[""MENU_000096"",""MENU_000933"",""MENU_001012""]","[]","same_normalized_menu_name_across_restaurants","3"
"Mongolian Beef","[""MENU_000759"",""MENU_002214"",""MENU_002584""]","[]","same_normalized_menu_name_across_restaurants","3"
"Monster","[""MENU_000446"",""MENU_000934""]","[]","same_normalized_menu_name_across_restaurants","2"
"Mountain Dew 20oz","[""MENU_001549"",""MENU_002043""]","[]","same_normalized_menu_name_across_restaurants","2"
"Onion Rings","[""MENU_000245"",""MENU_001203""]","[]","same_normalized_menu_name_across_restaurants","2"
"Orange Chicken","[""MENU_001907"",""MENU_002217""]","[]","same_normalized_menu_name_across_restaurants","2"
"Oven Roasted Turkey","[""MENU_002370"",""MENU_002416""]","[]","same_normalized_menu_name_across_restaurants","2"
"Oven Roasted Turkey & Ham","[""MENU_002371"",""MENU_002417""]","[]","same_normalized_menu_name_across_restaurants","2"
"Oven Roasted Turkey Melt","[""MENU_002372"",""MENU_002418""]","[]","same_normalized_menu_name_across_restaurants","2"
"Peach Cobbler","[""MENU_001560"",""MENU_002545""]","[]","same_normalized_menu_name_across_restaurants","2"
"Pepsi 20oz","[""MENU_001550"",""MENU_002046""]","[]","same_normalized_menu_name_across_restaurants","2"
"Perrier","[""MENU_000941"",""MENU_001404""]","[]","same_normalized_menu_name_across_restaurants","2"
"Powerade","[""MENU_000334"",""MENU_000943"",""MENU_001716""]","[]","same_normalized_menu_name_across_restaurants","3"
"Quesadillas","[""MENU_000580"",""MENU_000689"",""MENU_000857""]","[]","same_normalized_menu_name_across_restaurants","3"
"Roast Beef","[""MENU_001416"",""MENU_002373"",""MENU_002419""]","[]","same_normalized_menu_name_across_restaurants","3"
"Rotisserie-Style Chicken","[""MENU_002374"",""MENU_002420""]","[]","same_normalized_menu_name_across_restaurants","2"
"Salt & Pepper Shrimp","[""MENU_002223"",""MENU_002591""]","[]","same_normalized_menu_name_across_restaurants","2"
"Sausage Biscuit","[""MENU_001104"",""MENU_002053""]","[]","same_normalized_menu_name_across_restaurants","2"
"Sausage, Egg & Cheese Biscuit Meal","[""MENU_000249"",""MENU_000372""]","[]","same_normalized_menu_name_across_restaurants","2"
"Shakshuka","[""MENU_000870"",""MENU_001019""]","[]","same_normalized_menu_name_across_restaurants","2"
"Soda","[""MENU_000117"",""MENU_002654""]","[]","same_normalized_menu_name_across_restaurants","2"
"Spicy Boiled Beef","[""MENU_002236"",""MENU_002596""]","[]","same_normalized_menu_name_across_restaurants","2"
"Spicy Italian","[""MENU_002375"",""MENU_002421""]","[]","same_normalized_menu_name_across_restaurants","2"
"Spicy Italian Melt","[""MENU_002376"",""MENU_002422""]","[]","same_normalized_menu_name_across_restaurants","2"
"Sprite","[""MENU_000718"",""MENU_000973"",""MENU_001654"",""MENU_001723"",""MENU_001989"",""MENU_002155""]","[]","same_normalized_menu_name_across_restaurants","6"
"Sprite 20oz","[""MENU_001551"",""MENU_002055""]","[]","same_normalized_menu_name_across_restaurants","2"
"Sprite Diet Zero 20oz","[""MENU_001552"",""MENU_002056""]","[]","same_normalized_menu_name_across_restaurants","2"
"Squirt 20oz","[""MENU_001553"",""MENU_002057""]","[]","same_normalized_menu_name_across_restaurants","2"
"Steak & Cheese","[""MENU_002377"",""MENU_002423""]","[]","same_normalized_menu_name_across_restaurants","2"
"Steak & Cheese Melt","[""MENU_002378"",""MENU_002424""]","[]","same_normalized_menu_name_across_restaurants","2"
"Steak, Egg & Cheese","[""MENU_002379"",""MENU_002425""]","[]","same_normalized_menu_name_across_restaurants","2"
"Stir Fried Green Bean","[""MENU_002244"",""MENU_002600""]","[]","same_normalized_menu_name_across_restaurants","2"
"Strawberry Shortcake","[""MENU_000566"",""MENU_001374""]","[]","same_normalized_menu_name_across_restaurants","2"
"Sweet Loren's Chocolate Chunk Edible Cookie Dough","[""MENU_000072"",""MENU_000843"",""MENU_000845"",""MENU_000995"",""MENU_000999"",""MENU_001613"",""MENU_001621"",""MENU_001795"",""MENU_002533"",""MENU_002552"",""MENU_002554"",""MENU_002856""]","[]","same_normalized_menu_name_across_restaurants","12"
"The Impossible Potsticker","[""MENU_000009"",""MENU_000074"",""MENU_000996"",""MENU_001614"",""MENU_002430""]","[]","same_normalized_menu_name_across_restaurants","5"
"Topo Chico","[""MENU_000871"",""MENU_001877"",""MENU_002679""]","[]","same_normalized_menu_name_across_restaurants","3"
"Torta birria ","[""MENU_001510"",""MENU_002493""]","[]","same_normalized_menu_name_across_restaurants","2"
"Tortilla Soup","[""MENU_000585"",""MENU_002658""]","[]","same_normalized_menu_name_across_restaurants","2"
"Tuna","[""MENU_002381"",""MENU_002426""]","[]","same_normalized_menu_name_across_restaurants","2"
"Tuna Melt","[""MENU_002382"",""MENU_002427""]","[]","same_normalized_menu_name_across_restaurants","2"
"Veggie Delite®","[""MENU_002383"",""MENU_002428""]","[]","same_normalized_menu_name_across_restaurants","2"
"Veggie Patty","[""MENU_002384"",""MENU_002429""]","[]","same_normalized_menu_name_across_restaurants","2"
"Walnut Shrimp","[""MENU_002251"",""MENU_002601""]","[]","same_normalized_menu_name_across_restaurants","2"
"White Chocolate Macadamia","[""MENU_001210"",""MENU_002703""]","[]","same_normalized_menu_name_across_restaurants","2"
